<?xml version="1.0" encoding="UTF-8"?>
<project-private xmlns="http://www.netbeans.org/ns/project-private/1">
    <editor-bookmarks xmlns="http://www.netbeans.org/ns/editor-bookmarks/2" lastBookmarkId="0"/>
    <open-files xmlns="http://www.netbeans.org/ns/projectui-open-files/2">
        <group>
            <file>file:/C:/xampp/htdocs/p3Epd5/funciones/conexion.php</file>
            <file>file:/C:/xampp/htdocs/p3Epd5/index.php</file>
            <file>file:/C:/xampp/htdocs/p3Epd5/procesaregistro.php</file>
            <file>file:/C:/xampp/htdocs/p3Epd5/procesalogin.php</file>
            <file>file:/C:/xampp/htdocs/p3Epd5/procesacerrarsesion.php</file>
            <file>file:/C:/xampp/htdocs/p3Epd5/procesabusquedas.php</file>
        </group>
    </open-files>
</project-private>
