<?xml version="1.0" encoding="UTF-8"?>
<project-private xmlns="http://www.netbeans.org/ns/project-private/1">
    <editor-bookmarks xmlns="http://www.netbeans.org/ns/editor-bookmarks/2" lastBookmarkId="0"/>
    <open-files xmlns="http://www.netbeans.org/ns/projectui-open-files/2">
        <group>
            <file>file:/Users/juanantoniolopezcano/Documents/GitHub/epds_PA/epd1/epd1_P3/public_html/autores_mas_visitados.html</file>
            <file>file:/Users/juanantoniolopezcano/Documents/GitHub/epds_PA/epd1/epd1_P3/public_html/autores.html</file>
        </group>
    </open-files>
</project-private>
