<?xml version="1.0" encoding="UTF-8"?>
<project-private xmlns="http://www.netbeans.org/ns/project-private/1">
    <editor-bookmarks xmlns="http://www.netbeans.org/ns/editor-bookmarks/2" lastBookmarkId="0"/>
    <open-files xmlns="http://www.netbeans.org/ns/projectui-open-files/2">
        <group>
            <file>file:/C:/xampp/htdocs/todoLetras/js/comprobarlibro.js</file>
            <file>file:/C:/xampp/htdocs/todoLetras/js/comprobarpassword.js</file>
            <file>file:/C:/xampp/htdocs/todoLetras/includes/librodetallado.php</file>
            <file>file:/C:/xampp/htdocs/todoLetras/includes/cambiarpassword.php</file>
            <file>file:/C:/xampp/htdocs/todoLetras/includes/mostrarresultadobusqueda.php</file>
            <file>file:/C:/xampp/htdocs/todoLetras/css/style.css</file>
            <file>file:/C:/xampp/htdocs/todoLetras/includes/consultarcarro.php</file>
            <file>file:/C:/xampp/htdocs/todoLetras/js/comprobarlogin.js</file>
            <file>file:/C:/xampp/htdocs/todoLetras/login.php</file>
            <file>file:/C:/xampp/htdocs/todoLetras/includes/slider.php</file>
            <file>file:/C:/xampp/htdocs/todoLetras/js/comprobarregistro.js</file>
            <file>file:/C:/xampp/htdocs/todoLetras/js/comprobarebook.js</file>
            <file>file:/C:/xampp/htdocs/todoLetras/includes/adminuser.php</file>
            <file>file:/C:/xampp/htdocs/todoLetras/js/comprobarmensaje.js</file>
            <file>file:/C:/xampp/htdocs/todoLetras/includes/adminlibrob.php</file>
            <file>file:/C:/xampp/htdocs/todoLetras/includes/nav.php</file>
            <file>file:/C:/xampp/htdocs/todoLetras/js/comprobaremail.js</file>
            <file>file:/C:/xampp/htdocs/todoLetras/editarmensaje.php</file>
            <file>file:/C:/xampp/htdocs/todoLetras/admincrear.php</file>
            <file>file:/C:/xampp/htdocs/todoLetras/includes/consultarlibros.php</file>
        </group>
    </open-files>
</project-private>
