<?xml version="1.0" encoding="UTF-8"?>
<project-private xmlns="http://www.netbeans.org/ns/project-private/1">
    <editor-bookmarks xmlns="http://www.netbeans.org/ns/editor-bookmarks/2" lastBookmarkId="0"/>
    <open-files xmlns="http://www.netbeans.org/ns/projectui-open-files/2">
        <group>
            <file>file:/D:/ESCRITORIO/asignaturas%20y%20optativas%202017-18/PA/EPD/epds_PA/epd7/ej3/public_html/index.html</file>
            <file>file:/D:/ESCRITORIO/asignaturas%20y%20optativas%202017-18/PA/EPD/epds_PA/epd7/ej3/public_html/estilo.css</file>
        </group>
    </open-files>
</project-private>
