{
  "name": "oridomi",
  "title": "oriDomi",
  "description": "Fold up the DOM like paper.",
  "keywords": [
    "paper",
    "animation",
    "origami",
    "UI",
    "mobile",
    "effect"
  ],
  "version": "1.1.5",
  "author": {
    "name": "Dan Motzenbecker",
    "url": "http://oxism.com"
  },
  "licenses": [
    {
      "type": "MIT",
      "url": "http://opensource.org/licenses/MIT"
    }
  ],
  "bugs": "https://github.com/dmotz/oriDomi/issues",
  "homepage": "http://oridomi.com",
  "docs": "http://oridomi.com",
  "dependencies": {
    "jquery": ">=1.5"
  }
}
