<?xml version="1.0" encoding="UTF-8"?>
<project-private xmlns="http://www.netbeans.org/ns/project-private/1">
    <editor-bookmarks xmlns="http://www.netbeans.org/ns/editor-bookmarks/2" lastBookmarkId="0"/>
    <open-files xmlns="http://www.netbeans.org/ns/projectui-open-files/2">
        <group>
            <file>file:/Applications/XAMPP/xamppfiles/htdocs/GitHub/PA_mio/EPD_5/p1/index.php</file>
            <file>file:/Applications/XAMPP/xamppfiles/htdocs/GitHub/PA_mio/EPD_5/p1/ciudades.txt</file>
            <file>file:/Applications/XAMPP/xamppfiles/htdocs/GitHub/PA_mio/EPD_5/p1/id_nombreAerolinea.txt</file>
            <file>file:/Applications/XAMPP/xamppfiles/htdocs/GitHub/PA_mio/EPD_5/p1/altaCompleta.txt</file>
            <file>file:/Applications/XAMPP/xamppfiles/htdocs/GitHub/PA_mio/EPD_5/p1/altaAerolinea.php</file>
            <file>file:/Applications/XAMPP/xamppfiles/htdocs/GitHub/PA_mio/EPD_5/p1/altaCompleta.php</file>
        </group>
    </open-files>
</project-private>
